{
  "split": "novel_test",
  "episodes": 1000,
  "n_way": 5,
  "k_shot": 1,
  "q_query_cap_per_class": 10,
  "num_gallery": 677,
  "num_query_pool": 290,
  "episodic_acc_mean": 0.69072,
  "episodic_acc_std": 0.11645549192717361,
  "recall@1": 0.8635,
  "recall@5": 0.92478,
  "mAP": 0.5763446116293502,
  "num_eval_queries_total": 50000
}