{
  "split": "novel_val",
  "episodes": 300,
  "n_way": 5,
  "k_shot": 5,
  "q_query_cap_per_class": 10,
  "num_gallery": 601,
  "num_query_pool": 258,
  "episodic_acc_mean": 0.8512000000000001,
  "episodic_acc_std": 0.06466240535787905,
  "recall@1": 0.8899333333333334,
  "recall@5": 0.9508666666666666,
  "mAP": 0.6580861469712312,
  "num_eval_queries_total": 15000
}