{
  "split": "novel_val",
  "num_gallery": 601,
  "num_query": 258,
  "recall@1": 0.9186046511627907,
  "recall@5": 0.9844961240310077,
  "mAP": 0.6035362515662953
}