{
  "split": "novel_test",
  "num_gallery": 677,
  "num_query": 290,
  "recall@1": 0.9344827586206896,
  "recall@5": 0.9827586206896551,
  "mAP": 0.5591836974072046
}