{
  "best_val_top1": 0.711415525549623,
  "test_loss": 1.6450939605678367,
  "test_top1": 0.72217194586318,
  "test_top5": 0.8895927602349363
}