{
  "split": "novel_test",
  "num_gallery": 677,
  "num_query": 290,
  "recall@1": 0.9586206896551724,
  "recall@5": 0.9793103448275862,
  "mAP": 0.6344063544616925
}