{
  "split": "novel_val",
  "num_gallery": 601,
  "num_query": 258,
  "recall@1": 0.9457364341085271,
  "recall@5": 0.9651162790697675,
  "mAP": 0.7355908241762765
}