{
  "best_val_top1": 0.919634703196347,
  "test_loss": 0.6401029852990111,
  "test_top1": 0.911312217248511,
  "test_top5": 0.9710407239819004
}