{
  "split": "novel_val",
  "num_gallery": 601,
  "num_query": 258,
  "recall@1": 0.9263565891472868,
  "recall@5": 0.9728682170542635,
  "mAP": 0.634774082845001
}