{
  "best_val_top1": 0.5926940639269407,
  "test_loss": 2.1629263959858753,
  "test_top1": 0.568325791882174,
  "test_top5": 0.828959276233863
}