{
  "split": "novel_val",
  "num_gallery": 601,
  "num_query": 258,
  "recall@1": 0.9457364341085271,
  "recall@5": 0.9767441860465116,
  "mAP": 0.7263093035609679
}