{
  "best_val_top1": 0.8557077626659445,
  "test_loss": 1.0022163613889012,
  "test_top1": 0.8443438916724192,
  "test_top5": 0.9375565611399137
}