{
  "split": "novel_val",
  "episodes": 300,
  "n_way": 5,
  "k_shot": 1,
  "q_query_cap_per_class": 10,
  "num_gallery": 601,
  "num_query_pool": 258,
  "episodic_acc_mean": 0.7619333333333334,
  "episodic_acc_std": 0.11443890169965028,
  "recall@1": 0.8777333333333334,
  "recall@5": 0.933,
  "mAP": 0.68374772706759,
  "num_eval_queries_total": 15000
}